Link,Title,Location,Salary,Summary
https://kr.indeed.com/viewjob?jk=2404dea3c623c663,L'Atelier | Senior Digital Media Manager,Mindshare 서울,,Grow team’s strategic capabilities and develop sound long term strategic plans for all the key brands. What you will need...
https://kr.indeed.com/viewjob?jk=7fae74ec5b74f9e7,"Partner Account Manager, Korea - Games",Unity Technologies 서울,,"responsible for building, maintaining, and managing long- term relationships with Unity's current and prospective channel..."
https://kr.indeed.com/viewjob?jk=2c54d2725bac6eb7,Senior Clinical Team Lead,Covance 서울,,"Covance Project Manager, you can expect to: Build a long- term career path as you join a PM team where more than 50% have..."
https://kr.indeed.com/viewjob?jk=e4acc7c8df45a38a,INTERN - PUBLIC INFORMATION [Temporary],United Nations 인천,,"short, medium and long term as well... commission of any... acts. The term “sexual exploitation” means any actual..."
https://kr.indeed.com/viewjob?jk=a550271f7496c9be,Senior Client Lead,dunnhumby 서울,,edge techniques on projects... have both short and long- term impact. You'll work within a fast-paced client leadership...
https://kr.indeed.com/viewjob?jk=208f95a9c75f3788,Business Development Director - MediaMon...,MediaMonks 서울,,"targets, you help to grow business accounts... long- term success for all parties. • Lastly... role would require you..."
https://kr.indeed.com/viewjob?jk=880defdef436a99e,Customer Success Specialist (CSS) - Cros...,Cisco Systems 4.1 서울,,"tactical and strategic deployment decisions and track long term business outcomes Collaborate with Account teams, Customer..."
https://kr.indeed.com/viewjob?jk=716c453c7acae35a,Sales Planning Manager,Success Korea 대한민국,,status. 2)Annual Sales Planning & Budget Planning based on Mid- term plan and market status. 3)New Business project planning...
https://kr.indeed.com/viewjob?jk=85b82f0c52a69012,INTERN - ECONOMIC AFFAIRS [Temporary],United Nations 인천,,commission of any... acts. The term “sexual exploitation” means any actual... conditions. The term “sexual harassment...
https://kr.indeed.com/viewjob?jk=8b364abc6923453e,Sales Director for EMI Shield,Success Korea 경기도 수원,,"term relation at various levels and disciplines, in order to maximize the value (top- and bottom-line) of short & long term..."
https://kr.indeed.com/viewjob?jk=be1f2f120b08cef7,Finance controller(ASAP),Success Korea 서울 가산동,,balance sheet through daily review and clean-up of long term open items ? Establish and maintain effective internal controls...
https://kr.indeed.com/viewjob?jk=75d0780f77583e7f,Sales Expert - Client Exec. (Samsung),Dassault Systèmes 4.1 서울,,"get customer commitment on a long- term business transformation. Be aligned... short, mid, long term account strategy..."
https://kr.indeed.com/viewjob?jk=397b3c2747313c18,Manager Customer Quality (m/f) South Kor...,Morgan Philips Executive Search 인천 송도동,,"degree in Science, Engineering or Pharmacy or a long- term professional experience in related fields - multiple years..."
https://kr.indeed.com/viewjob?jk=f2840e317599db6e,License Compliance Sales Executive - Kor...,Autodesk 4.1 서울,,channel BUDGET Strategically monitor and review long term goals... program and ensure campaigns are executed within...
https://kr.indeed.com/viewjob?jk=707a6b29da0334b7,Brand Manager,Takeda Pharmaceuticals 서울,,Develop new product ideas and concepts in line with mid- term business strategy. *Strategic Sales planning Define business...
https://kr.indeed.com/viewjob?jk=9155af1832962cef,Public Sector Account Executive - AWS Ko...,Amazon Web Services Korea LLC 서울,,prospects in order to build long- term business opportunity. You’ll also work... Develop long- term strategic partnerships...
https://kr.indeed.com/viewjob?jk=d6f1c92fd2313549,INTERN - LEGAL AFFAIRS [Temporary],United Nations 인천,,commission of any... acts. The term “sexual exploitation” means any actual... conditions. The term “sexual harassment...
https://kr.indeed.com/viewjob?jk=813763a0e3a4c87b,Regional Product Support Engineer,ASM 대한민국,,internal and external stakeholders. Understand and build long- term innovative global technology systems that enable enhanced...
https://kr.indeed.com/viewjob?jk=d7eabe1797e410b0,Medical Support Assistant (OA),US Department of the Army 4.3 대한민국,,apply... temporary/ term position... management Certain current or former term or temporary federal employees of a land...
https://kr.indeed.com/viewjob?jk=3216f996524a7cd5,[Medical Devices] Associate CEM Manager,Johnson & Johnson Family of Companies 4.2 서울,,3 roles in terms of long- term customer strategy development and short- term deliverable execution. [Responsibilities] 1...
https://kr.indeed.com/viewjob?jk=6589d5246d736c1b,INTERN - PROGRAMME MANAGEMENT [Temporary...,United Nations 인천,,commission of any... acts. The term “sexual exploitation” means any actual... conditions. The term “sexual harassment...
https://kr.indeed.com/viewjob?jk=2fd2388d31066170,Public Affairs Specialist,US Department of the Army 4.3 대한민국,,Land & base management Certain current or former term or temporary federal employees of a land or base management agency...
https://kr.indeed.com/viewjob?jk=b1c6bb91e58f5595,Account Manager Automotive and Furniture,Lectra 서울,,"new prospects Develop and manage long term customer relationship and strengthen... business development, long and short term"
https://kr.indeed.com/viewjob?jk=163754754b74874d,ISV Success Manager,Amazon Web Services Korea LLC 서울,,"Sell... GTM activities and create/ maintain a long- term, scalable joint GTM model that drives partner and customer..."
https://kr.indeed.com/viewjob?jk=49c43db2b845f370,Teaching Business Communication Skills f...,Speaking Proficiency Enhancement Program 대한민국,,"2020 ~ February 2021 (at SPEP Apgujeong Center, Seoul) Short- term (4-month) contract available [Salary] Based on 160..."
https://kr.indeed.com/viewjob?jk=2438539e5adeb515,"Mgr, Sales - Body Contouring",Abbvie 서울,,team goals which will benefit Allergan... long term... includes quality participation during team meetings...
https://kr.indeed.com/viewjob?jk=c154b26996c9860f,Technical Team Lead - Korea,CPA Global Limited 서울,,record creating and establishing long- term relationships with clients. Ability... Conduct... long term success of our...
https://kr.indeed.com/viewjob?jk=3387d0ca70a32899,Sales Account Manager - Automotive,Qualcomm CDMA Technologies (Korea) YH 서울,,expectation and business volume. Provide the long- term/short- term forecast to prepare raw materials and production capacity...
https://kr.indeed.com/viewjob?jk=99f994b326c7a4ee,Director of Global Transactional Account...,Coupang 3.0 서울,,equity-based compensation and certain cash-based long- term incentives. Responsible for LLC consolidated equity balances...
https://kr.indeed.com/viewjob?jk=b37be9a2ddc990ca,Trade Marketing Representative,British American Tobacco 4.4 경기도,,management Grade: NM Job Type: Fixed Term Contractual Legal Entity: BAT Korea... Drive and manage a long term relationship...
https://kr.indeed.com/viewjob?jk=d1d9931658bcc38c,Manager People & Culture - Operations Ya...,Philip Morris International 4.3 대한민국,,DAY’ • Strategy Development & Deployment - Ensure long term P&C Strategic Priorities are defined and agreed with respective...
https://kr.indeed.com/viewjob?jk=fcc3317e06df1607,"Head of Alliance, Marketing & Commercial...",Sandoz 서울,,"contribution at company level, - Develop mid/long- term growth plan - Explore business opportunities to maximize commercial..."
https://kr.indeed.com/viewjob?jk=9393c21bffe1fda8,PHILEO INTERNATIONAL ACADEMY,Phileo International Academy 경기도 수원,,living in Korea. Contract Information: 1. Contract Term: 1 year (renewable based on performance) 2. Salary: Negotiable...
https://kr.indeed.com/viewjob?jk=4fa2fdf0a5275a1c,Sr Marketing Dev Specialist,Medtronic 3.9 대한민국,,"develops, and implements near- term and long- term business strategies relating... substantiate long- term prospects..."
https://kr.indeed.com/viewjob?jk=5348b633ec879766,Industry Process Consultant (PLM Tech),Dassault Systèmes 4.1 서울,,Involve Marketing Activities... activation of long- term business Maintain / Improve skills & VAR(Reseller) Enablement...
https://kr.indeed.com/viewjob?jk=e7cd79ac20ec09ff,Congressional Affairs Specialist,US Department of the Army 4.3 대한민국,,Land & base management Certain current or former term or temporary federal employees of a land or base management agency...
https://kr.indeed.com/viewjob?jk=aa7e7d787add9219,Senior Customer Success Manager,PTC 서울,,ensures the collective executive level support for driving long term technical and operational improvements. • Understanding...
https://kr.indeed.com/viewjob?jk=02dcad01d5cffeb6,Net Revenue Management Planner (contract...,Diageo 4.0 서울,,Consumer Marketing / Marketing Worker Type : Fixed Term Contract (Fixed Term) Primary Location: Seoul Office Additional...
https://kr.indeed.com/viewjob?jk=80803e223529f442,Store manager,Dyson 서울,,realistic retail operating plan... short term (12 months) and medium term (2-3 years) Be fully versed... content...
https://kr.indeed.com/viewjob?jk=03adbb7b61e66a8c,"Partnerships Manager - Agency, Korea",Bytedance 서울,,functional teams to improve the efficiency and build long term growth. 1. BA/BS degree or above. 2. 4-10 years of overall...
https://kr.indeed.com/viewjob?jk=4d0d841a1dd59caa,KR_HP_Healthcare affairs manager,Boehringer Ingelheim 4.1 대한민국,,"animals... family owned company, we focus on long- term performance. We believe... we have talented and ambitious..."
https://kr.indeed.com/viewjob?jk=1494cebcd22fca65,Senior Business Analyst (Retail FP&A),Coupang 3.0 서울,,"business from finance perspectives, including annual/long- term planning to weekly/monthly/quarterly reviews, bringing total..."
https://kr.indeed.com/viewjob?jk=1443b2d7a818d65e,Sales Development Representative,Sendbird 서울,,"identify the right customers, qualify them, help nurture the long- term relationship and convert them to real opportunities..."
https://kr.indeed.com/viewjob?jk=196d3c15a720c9e4,Supervisory Industrial Engineer,US Department of the Army 4.3 대한민국,,Land & base management Certain current or former term or temporary federal employees of a land or base management agency...
https://kr.indeed.com/viewjob?jk=6233d102fd9a4e08,Partner Development Manager,Equinix 서울,,prospective partners Supervises the management... long- term relationships with partner · Supervises the team to ensure...
https://kr.indeed.com/viewjob?jk=213e940c511f084b,Sales Operations Manager (10 month contr...,Apple 서울,,"complementary teams that balanced between delivering on short- term revenue goals, while seeing around corners to enable..."
https://kr.indeed.com/viewjob?jk=95128c1c6513ef34,"Sales Manager, Cargo and Foodservice, Co...",Emerson 대한민국,,"Foodservice business in South Korea Develop and maintain long- term relationships with business decision makers, influencers..."
https://kr.indeed.com/viewjob?jk=ac52a5a70be8df89,Sr Systems Administrator I,Raytheon Intelligence & Space 대한민국,,"fill a long- term position... Global... test. Interface with customers on short- term and long- term technical, operational..."
https://kr.indeed.com/viewjob?jk=c2c76ec2dcddb7e5,"Principal, Operations Research (Logistic...",Coupang 3.0 서울,,"requires an aptitude for taking initiative, thinking long- term, and delivering results to drive innovation in logistics..."
https://kr.indeed.com/viewjob?jk=d09232df96ba67ef,외국계은행 HR담당자 채용,외국계은행 서울 중구,,"benefits including medical check-up, renewal of group term-life insurance and long service award. To coordinate training..."
https://kr.indeed.com/viewjob?jk=06f3beabb15decc0,기술영업 이사(GM),Success Korea 경기도 과천,,Engage and participate in supplier visits -Build long- term suppliers partnerships * Customer Relationship - Visit key...
https://kr.indeed.com/viewjob?jk=77a460a3ff82a62e,"IQOS E-Commerce Executive Seoul, South K...",Philip Morris International 4.3 서울,,portfolio of existing channels for maximum productivity and long- term growth - Monitor and optimize performance for daily...
https://kr.indeed.com/viewjob?jk=be3c99437bbff38c,"KA Sales Rep, Patient Monitor and life s...",Success Korea 서울 강남구,,objectives. -Explore more business innovation and make long term business plan. -Responsible for customer group breakthrough...
https://kr.indeed.com/viewjob?jk=e1e9b30313793e0f,Telesales Business Development Represent...,Oracle 3.8 서울,,products preferred. Desire... long- term career in sales preferred. Two years... Desire... long- term career in sales...
https://kr.indeed.com/viewjob?jk=f7921db168dcf355,Key Account Manager (--4615),Bolloré Group 서울,,"Our team is looking... Key Account Manager to create long- term, trusting relationships with our customers in South Korea..."
https://kr.indeed.com/viewjob?jk=dc389a737f47d5dd,FMCG기업 Brand Manager ( ASAP ),허브커리어 서울 강남구,,"< 담당업무 > -Develop brand strategy and brand plan in long term and short term including volume, profit and share projection etc..."
https://kr.indeed.com/viewjob?jk=9731066390d6def9,Senior Instock Planning Specialist (Fres...,Coupang 3.0 서울,,norms) Network DOC design for long term space planning Inventory health policy... Inventory planning long term strategy...
https://kr.indeed.com/viewjob?jk=9ea6c767886dfbb9,"Account Manager, Consumer BioSolutions,...",Novozymes 서울,,opening up new markets to sustain long- term growth for Novozymes. We do so through... set mid & long- term targets Develop multi...
https://kr.indeed.com/viewjob?jk=8064445c585b276b,Sales Manager - Pipeline,Medtronic 3.9 대한민국,,"strengthening long- term relationships... implant, post-operative care and long- term use... HVAD system Supports all..."
https://kr.indeed.com/viewjob?jk=473bf58549e57473,계약직 데이터애널리스트,모닝스타코리아 대한민국,,Morningstar’s investment principles to deliver great long- term investment results and help investors reach... financial...
https://kr.indeed.com/viewjob?jk=f48afc1d4b12d4ad,"General Manager, Amazon Advertising",Amazon Services Korea LLC 서울,,"existing client and agency relationships to drive large, long- term deals with top brand advertisers · Represent Amazon at key..."
https://kr.indeed.com/viewjob?jk=eecbde14edf0a285,Technical Account Manager in Automotive...,MathWorks 서울,,customer’s workflow Develop and maintain long- term End User Relationships by providing excellent technical/customer service...
https://kr.indeed.com/viewjob?jk=227c1ca4cfef2be5,Sr. Instock Planning Specialist(Innovati...,Coupang 3.0 서울,,providing information through mid/long- term inventory planning Establish strategies... do? Mid/Long Term Inventory Planning OOS...
https://kr.indeed.com/viewjob?jk=cbfc3e456d0a35f1,SENIOR BACKEND DEVELOPER,Cobblestone Energy 서울,,trading... short- term wholesale... our industry over time is key to long term success... role... rare...
https://kr.indeed.com/viewjob?jk=eb631ec20a0aee83,Enterprise Account Manager,NE Nokia Enterprise 서울,,balancing intense short- term pressures of meeting resell goals with overall long- term goals to drive transformational...
https://kr.indeed.com/viewjob?jk=33df7879ef267948,"Sales, Intermediate G",Keysight Technologies 서울,,maintaining... satisfaction. Maintains positive ongoing long- term relationships with key customers. Interprets customer...
https://kr.indeed.com/viewjob?jk=670ba63e5ac61687,Technical Consultant,Elanco 서울,,"goal of linking Elanco, products and services... long term business needs... accounts. Co-ordinate with colleagues..."
https://kr.indeed.com/viewjob?jk=50bcf09a6d37903e,Fresh Operations Planning Lead / 신선 오퍼레이...,Coupang 3.0 서울,,center 5. Exposure to production planning (Short term and long term) or supply chain planning 6. Intermediate English...
https://kr.indeed.com/viewjob?jk=b19c47ac5fc6e4c5,"Technical Account Manager, OEM Android P...",Google 4.3 서울,,"software, and build successful, long- term partnerships. Whether working with next... solutions for our long- term partners who..."
https://kr.indeed.com/viewjob?jk=2a809f8ef919aec1,Corporate Business Development & Strateg...,Success Korea 서울 서초동,,joint ventures... 3) assisting... development of long- term strategy for RNTS divisions which include mobile platforms...
https://kr.indeed.com/viewjob?jk=b4a20a783c1bf7a0,Account manager,OSIsoft 서울,,willing to learn Motivated by results and ultimately long- term customer satisfaction Ability to travel to customer sites...
https://kr.indeed.com/viewjob?jk=4d0d841a1dd59caa,KR_HP_Healthcare affairs manager,Boehringer Ingelheim 4.1 대한민국,,"animals... family owned company, we focus on long- term performance. We believe... we have talented and ambitious..."
https://kr.indeed.com/viewjob?jk=10d29f3c8c468be5,INTERN - SCIENCE AND TECHNOLOGY [Tempora...,United Nations 인천,,commission of any... acts. The term “sexual exploitation” means any actual... conditions. The term “sexual harassment...
https://kr.indeed.com/viewjob?jk=7ca5258b3638f2ab,KR_HP_Job Posting_Medicine_MSL_Oncology,Boehringer Ingelheim 4.1 대한민국,,"animals... family owned company, we focus on long- term performance. We believe... we have talented and ambitious..."
https://kr.indeed.com/viewjob?jk=19ec0e2fc12486ff,TPE Specialist,Korean Chemical Company 대한민국,,time position. Only consultation... asked. The contract term... 1 year. Candidates... only asked to stay...
https://kr.indeed.com/viewjob?jk=0830cb365f87d48e,"MITG Sales Rep I-II, Reg/Ctry",메드트로닉코리아 서울 강남구,,"Responsible for developing, building, and strengthening long- term relationships with stakeholders including distributors..."
https://kr.indeed.com/viewjob?jk=32028b66c724aba2,Mindshare | L'Atelier Senior Digital Pla...,Mindshare 서울,,Grow team’s strategic capabilities and develop sound long term strategic plans for all the key brands. What you will need...
https://kr.indeed.com/viewjob?jk=df7ec5d31adfea75,Technical Artist - Developer Relations,Epic Games 서울,,"telemedicine, Life and AD&D, long term disability insurance as well as weekly indemnity (short term disability), retirement..."
https://kr.indeed.com/viewjob?jk=3f792a9daf6effcd,Locations for November Start at Korea's...,Chung Dahm Learning 4.0 대한민국,,class on average) all contracts... minimum one year term E2 sponsorship housing assistance (either rent-free housing...
https://kr.indeed.com/viewjob?jk=34487dc5cdbe7abb,Product Owner,KidsLoop 서울,,Humble Starts... customer unmet need (both short and long term) Brings a point-of-view supported by variety of data...
https://kr.indeed.com/viewjob?jk=797f59b6d805d189,"Global EC그룹 E-Commerce 매니저,팀장급 채용",Success Korea 서울 청담동,,business plans that result... establishment of a long term interactive... consumer ? Develop a plan and Lead global...
https://kr.indeed.com/viewjob?jk=9513133aee79f774,Business Development Manager,SDL 서울,,identify and gather new clients for SDL To build a strong long term pipeline Deliver revenue growth goals established...
https://kr.indeed.com/viewjob?jk=0dc96cb47e66a253,Account Manager Fashion,Lectra 서울,,"new prospects Develop and manage long term customer relationship and strengthen... business development, long and short term"
https://kr.indeed.com/viewjob?jk=99004e019b8e15c9,"Business Development Manager, Gaming - A...",Amazon Web Services Korea LLC 서울,,"Korea. You will identify short- term growth opportunities and lay the groundwork for long- term, strategic opportunities. Our..."
https://kr.indeed.com/viewjob?jk=1e0ed7bee9f37f39,Linux Sales Representative,Oracle 3.8 서울,,"exceeding the long term territory revenue... eco-system, Building the basis for long term future success · Team work and team..."
https://kr.indeed.com/viewjob?jk=3b5538a03978a0f0,Transformational License Agreement Sales Lead,Dell Technologies 4.0 서울,,role... substantially shift the sales motion to longer term and transformational. It should fundamentally increase...
https://kr.indeed.com/viewjob?jk=b958874f519a7b55,"Sr. Director, Logistics Transportation",Coupang 3.0 서울,,"an opportunity to think big? Can you develop a holistic, long- term Transportation Network strategy... optimally flow..."
https://kr.indeed.com/viewjob?jk=854826bede69f7eb,"Partner Account Manager, Korea - Industr...",Unity Technologies 서울,,"responsible for building, maintaining, and managing long- term relationships with Unity's current and prospective channel..."
https://kr.indeed.com/viewjob?jk=8e2a2c8d6e740611,외대어학원 영어강사,(주)대구외대어연 대구 북구,"연봉 24,000,000원","있습니다. 휴 가: 여름휴가, 겨울휴가가 주말 포함 각각 5일정도 제공됩니다. 주중휴가: 수요일 기준 Mid- Term, Final Test 기간을 이용하여 연차별로 휴가가 제공 될 수 있습니다. 연차휴가: 장기근무자에게..."
https://kr.indeed.com/viewjob?jk=1a5ce69e5b453156,Applications engineer (RTL),Synopsys 경기도 용인,,significant projects that affect the organization's long- term goals and objectives Creates formal networks involving...
https://kr.indeed.com/viewjob?jk=9d644c2ab381c979,Partners Marketing Manager,Coupang 3.0 서울,,domains/channels based... Coupang Partners' mid/long term strategy Qualifications: BA / BS degree 7+ years' experience...
https://kr.indeed.com/viewjob?jk=3dd0a1756c755cc4,Automotive Market Senior Business Partne...,W. L. Gore & Associates 3.8 서울,,"Korea. You will drive share, revenue, and long term business results by influencing and negotiating... through..."
https://kr.indeed.com/viewjob?jk=f69bf99df08fa841,Technical Sales Manager,"Telestream, LLC 대한민국",,yearly target meanwhile develop channel to identify the long- term strategy... position will directly report to Korea...
https://kr.indeed.com/viewjob?jk=8c472a97f144b822,Supervisory Engineering Technician,US Department of the Army 4.3 서울,,Land & base management Certain current or former term or temporary federal employees of a land or base management agency...
https://kr.indeed.com/viewjob?jk=d463fb10414cd40a,외국계진단기기Account Manager (다수직급),에이치알 코리아 서울,,"negotiation skills to generate ""win-win"" scenarios that ensure long- term customer relationships a nd comments. - Strong busi"
https://kr.indeed.com/viewjob?jk=a0dca4be45406e2f,Sr. HR Generalist,Success Korea 서울 강남구,,2014 June... launched - Global Project... fixed term 6) Any other tasks related HR management issues assigned by HR...
https://kr.indeed.com/viewjob?jk=6b710ae340141ae8,Teaching Biz English Communication Skill...,Speaking Proficiency Enhancement Program 대한민국,,"2020 ~ January 2021 (at SPEP Apgujeong Center, Seoul) Short- term (4-month) contract available [Salary] Based on 160..."
https://kr.indeed.com/viewjob?jk=090ad58e827945e7,INTERN - INFORMATION SYSTEMS & COMMUNICA...,United Nations 인천,,commission of any... acts. The term “sexual exploitation” means any actual... conditions. The term “sexual harassment...
https://kr.indeed.com/viewjob?jk=69062ba20645c617,"전략기획부 – 전략컨설팅펌13년+,영어능통",에이치알 코리아 서울,,"Word, Excel, PPT - Support overall Sales Planning and long- term sales plan - Analyze business and research data for Company..."
https://kr.indeed.com/viewjob?jk=3548340e36ea936b,Sales Expert - Client Exec. (SK),Dassault Systèmes 4.1 서울,,"get customer commitment on a long- term business transformation. Be aligned... short, mid, long term account strategy..."
https://kr.indeed.com/viewjob?jk=083328d23828c6f1,Cordis Associate Product Specialist,Cardinal Health 부산,,"Sales Manager, the role... responsible for developing long term positive customer relationships, which build loyalty..."
https://kr.indeed.com/viewjob?jk=d7e0bdeef4b7d137,HR & Admin Manager,Success Korea 서울 중구,,organizational effectiveness (translate long term strategic and short term operational challenges into people related plans...
https://kr.indeed.com/viewjob?jk=a670dd6d3fc974c5,Marketing Director (임원급),Success Korea 서울,,"world class implementation to achieve long-, mid- and short term objectives... company [자격요건] - 13~16 years of work..."
https://kr.indeed.com/viewjob?jk=73a0da96be7b856c,"Principal, Brand Management - 가전제품 (Glob...",Coupang 3.0 서울,,"Customer."" Never sacrifices customer experience for short- term goal Qualifications: Over 6 years related work experiences..."
https://kr.indeed.com/viewjob?jk=103d85e02ba724ed,Senior Solution Sales Executive-SAP ARIB...,SAP 4.3 서울,,"passionate about customer success, customer delight, and long- term customer relationships Outcome focused... role..."
https://kr.indeed.com/viewjob?jk=d7ef3ccb4e9e0047,Sales Manager (Fairmont Ambassador Seoul...,FAIRMONT 서울 영등포구,,skills in both Korean and English • Focus on building long- term value based customer relationships that enable achievement...
https://kr.indeed.com/viewjob?jk=481bbfa17024b45b,유럽계글로벌 자동차부품제조사 application engineer 차부장...,에이치알 코리아 대한민국,,Support the overall specifc strategy defined to ensure long term sustainable and profitable growth... dedicated customer...
https://kr.indeed.com/viewjob?jk=d6026a1db9c8ca31,Tech Business Development Associate,PUBG 서울,,"프로세스 지원 파트너쉽 관련 협의/계약 협상 지원 - 당사의 협상력을 높이고 파트너사와 건강한 long- term relationship을 구축할 수 있도록, BD Manager를 지원하여 계약 체결 프로세스 지원 [지원..."
https://kr.indeed.com/viewjob?jk=56aafb22c10bcbba,"Senior Solutions Account Manager, Korea",Unity Technologies 서울,,"our main client liaison, helping us create and nurture long- term partnerships that produce industry-changing advances..."
https://kr.indeed.com/viewjob?jk=e74dcb5febca864c,Account Manager Renewals,GlobalData Plc. 서울,,growth. • Prepare Account plans with short and longer term revenue goals to leverage the full potential of our range...
https://kr.indeed.com/viewjob?jk=dc2836c8ad5452d9,Renewals Sales Specialist - Digital Expe...,Adobe 서울,,"identifying decision makers, and building long- term customer relationships by establishing trust and credibility. Highly..."
https://kr.indeed.com/viewjob?jk=76e0bf2282e3b861,외국계은행KYC담당자 채용,은행 서울 중구,,communication skill (speaking and writing) ? Job Type :?Fixed Term Job :?OPERATION PROCESSING Education Level:?Bachelor...
https://kr.indeed.com/viewjob?jk=ec405562cb3b63e2,Sales Executive,LATOKEN 서울,,B2B sales/marketing... entrepreneurship is a big advantage Long- term belief... future of asset tokenization Strong...
https://kr.indeed.com/viewjob?jk=e1c9fc6997571665,Product manager,MSD 서울,,delivery of short term Brand strategies... well... align to short/long term strategies across products.5.Market...
https://kr.indeed.com/viewjob?jk=3bb3b5648ace284c,Project Manager (Busan),인터커넥션 부산,,"appropriately utilized, and short and long term schedules and goals are achieved. Experience with communications..."
https://kr.indeed.com/viewjob?jk=a47c267e66785eb2,MFLC Child and Youth Behavioral (CYB) Co...,"Strategic Resources, Inc. 대한민국",,greatest assets... single greatest factor in our long- term growth and success... our employees. When you join SRI...
https://kr.indeed.com/viewjob?jk=372ecf21d3920564,Sales Store Checker,US Department of Defense 4.2 대한민국,,disabilities Land & base management Certain current or former term or temporary federal employees of a land or base...
https://kr.indeed.com/viewjob?jk=f0c33d4b0c08ccab,"Analyst, Business Development",MachineZone 서울,,"analyses, the BD team transforms new opportunities into long term relationships and endurable revenues. Responsibilities You..."
https://kr.indeed.com/viewjob?jk=91d7066a06f046b2,CRM Project Management Coordinator (Cons...,국경없는의사회 한국 서울 강남구,,"CONDITION Term: temporary 8months, full time Type: Consultancy contract PURPOSE... POSITION To support its long- term..."
https://kr.indeed.com/viewjob?jk=84166c0b01575b0a,[Janssen] Statistician,Johnson & Johnson Family of Companies 4.2 서울,,Janssen) - 포지션: Statistician - 근무지: 서울시 용산구 - 근무형태: 계약직 (Fixed- Term) - Leads in-house statistical and analytical services...
https://kr.indeed.com/viewjob?jk=19f0de5689014f8d,"App Specialist, Large Customer Sales (En...",Google 4.3 서울,,"perspective for product features and solutions to drive long- term success of our advertisers. Escalate product, process..."
https://kr.indeed.com/viewjob?jk=38a39a44f7e04a0d,BALENCIAGA Sales Associate,Groupe Kering 부산광역시,,지원 기재 내용이 허위로 판명될 경우 합격 및 입사 취소 Job Type Fixed Term (Fixed Term) Start Date 2020-12-28 Schedule Full time Organization...
https://kr.indeed.com/viewjob?jk=fb15fdac8a36bf2b,iHealth APAC Sales Head (Flexible APAC W...,DSM 서울,,plan. Develop sustainable long- term partnerships with key customers Develop and long term strategic plan (P&L). Responsible...
https://kr.indeed.com/viewjob?jk=419692b3ddb34768,Analytics Specialist,MightyHive 서울,,drive long- term value... role focuses... uncover opportunities to drive long- term value Business Facing Project manage...
https://kr.indeed.com/viewjob?jk=01343e50043fbd3b,tbs eFM Radio(101.3㎒) Part-time Job Open...,서울특별시 5.0 대한민국,,Openings Contract Term (Hours) Hiring... eFM radio broadcast programs... term of contract may be subject to renewal up...
https://kr.indeed.com/viewjob?jk=534f9ad79408212e,Life Science Sales Team Leader,Clarivate Analytics 서울,,E. Key Responsibilities and Duties  Build short and long term strategies... product and services offering and execute...
https://kr.indeed.com/viewjob?jk=214b12e89168e4a0,Business Administration Officer / Coordi...,Macquarie Group Limited 서울,,"principal investment. Job no: MacCap-955344 Work type: Fixed term Location: Seoul Category: Junior, Administration & Support..."
https://kr.indeed.com/viewjob?jk=f0e0af48bc02207c,"IT Specialist (ERP, CRM) _ Junior",Thermo Fisher Scientific 3.5 서울,,"support the business process - Translate the demand... term... correct requirement with understanding, anticipating..."
https://kr.indeed.com/viewjob?jk=794f536fe017d7e3,Principal Outposts Specialist,Amazon Web Services Korea LLC 서울,,have a demonstrated ability to think strategically and long- term about the needs of complex global businesses. The ideal...
https://kr.indeed.com/viewjob?jk=c9118923885e9500,CIB - Equity Capital Markets - Associate...,"JPMorgan Chase Bank, N.A. 서울",,"build trusted, long- term relationships... do. We strive to build trusted, long- term partnerships to help our clients achieve..."
https://kr.indeed.com/viewjob?jk=315d208149aa7420,"AI and ML Specialist, Korea",Amazon Web Services Korea LLC 서울,,have a demonstrated ability to think strategically and long- term about the needs of complex global businesses. The ideal...
https://kr.indeed.com/viewjob?jk=f489a39bfb256d1f,Systems Admininistrator (1 year contract...,Synopsys 대한민국,,"veteran status, or disability. Job Category Info Technology Hire Type Defined Term Emp. Country Korea, Republic of"
https://kr.indeed.com/viewjob?jk=f5fdbee4fdd190e4,WWPS Project Manager - Cloud Innovation...,Amazon Web Services Korea LLC 서울,,"appropriately utilized, and short and long term schedules and goals are achieved. Experience with communications..."
https://kr.indeed.com/viewjob?jk=f17923f65039f6aa,Sales Specialist,ABB 4.0 서울,,market in accordance with strategy. You will build long term customer relationships and manage resolution to specific...
https://kr.indeed.com/viewjob?jk=2e693eeed118784f,Sales & Clinical Specialist - Pipeline,Medtronic 3.9 대한민국,,"Responsible for developing, building, and strengthening long- term relationships with stakeholders including distributors..."
https://kr.indeed.com/viewjob?jk=35eb740ab7b0db30,Maintenance Manager,Avery Dennison 대한민국,,other protected status.* 직무 설명 Set up vision/policies/long term plan to improve maintenance organization Supervise/lead...
https://kr.indeed.com/viewjob?jk=0f9b762e5d468542,CW-Associate Value Access,Amgen 서울,,"market access in South Korea Develop and manage long- term working relationships with industry, government and academics..."
https://kr.indeed.com/viewjob?jk=d8bcbd6df58ed79b,Senior Marketing Specialist,Stryker 서울,,support for counterpart sales team to achieve short/long- term sustainable growth Build and conduct promotional action plan...
https://kr.indeed.com/viewjob?jk=99e292623c77d9cc,Business Development Executive,Jade School 서울 • 원격 근무,,professionals that have a solid track record of creating long- term value for organizations. We are looking for leaders who...
https://kr.indeed.com/viewjob?jk=ce74cf6e20989a12,Demand & Supply Chain Specialist,Abbvie 서울,,cross functional projects as Subject Matier Expert for long term planning. Qualifications QUALIFICATIONS (MINIMUM...
https://kr.indeed.com/viewjob?jk=ea64f4e826f1c21d,Digital Project Director,Asiance 서울,,customers... long- term perspective... Reports... Maintain a strong and long- term relationship with clients. Create...
https://kr.indeed.com/viewjob?jk=26a10711849b242c,RA Associate,BD 서울,,Employment Type: Fixed Term - 1 year contract Supporting new products registration Assessment NoCs (Notification of changes...
https://kr.indeed.com/viewjob?jk=01618620f92a3135,Lead Sales Representative,Stryker 서울,,"achieve financial goals... business. Develop short- term and long- term marketing strategy, execute marketing plans through..."
https://kr.indeed.com/viewjob?jk=1309da7d5b0023f7,Marketing Manager - Korea,AVEVA 서울,,Korea’s business vision for short terms (2-3 year) and longer term (>3 years) Tactical (i.e. Demand/Pipeline Generation...
https://kr.indeed.com/viewjob?jk=48d100d42e2b93e4,Tencent Cloud BD Manager,텐센트 코리아 대한민국,,"CTOs and CEOs level; Establish, maintain and strengthen long- term excellent relationships with target customers; Developing..."
https://kr.indeed.com/viewjob?jk=f4575fd8d13aec0f,Store Manager,Versace 대한민국,,maintain a long term relationship... skills and ability to maintain long- term with clients and community and understands...
https://kr.indeed.com/viewjob?jk=1527264e0b5262ca,Program Manager Korea,International Republican Institute 서울,,"Washington headquarters staff, the LPM designs and implements a long- term strategy for IRI programs in-country... position..."
https://kr.indeed.com/viewjob?jk=8e0985fa8b9d84ac,Sr. Global Program Manager,Coupang 3.0 서울,,"Customer."" Never sacrifices customer experience for short- term goal Is able to conceive new ideas and experimentations..."
https://kr.indeed.com/viewjob?jk=29c830e57693d88d,Laser Engineer,E-SOL 경기도 화성,"월급 4,000,000원 - 5,000,000원","housing Air ticket to Korea... provided First contract term is 3 years, but all positions are permanent in principle..."
https://kr.indeed.com/viewjob?jk=a0f2e58d9c98bf7d,tbs eFM part time job opening announceme...,서울특별시 5.0 대한민국,,Openings Contract Term (Hours) Hiring... eFM radio broadcast programs... term of contract may be subject to renewal up...
https://kr.indeed.com/viewjob?jk=b044ba7f90e2493f,Mortuary Officer,US Department of the Army 4.3 대한민국,,Land & base management Certain current or former term or temporary federal employees of a land or base management agency...
https://kr.indeed.com/viewjob?jk=4124f4c976c8c21d,"S&S Key Account Manager, O&I",Signify 서울,,"fostering long- term, strategic... do Develop and maintain strategic long- term trusting relationships with large end..."
https://kr.indeed.com/viewjob?jk=0f7c551f6474dfa3,"Engr, Prof Svcs Cons",KLA-Tencor 대한민국,,identification through final invoicing through medium- to long- term engagements requiring varied interpersonal and technical...
https://kr.indeed.com/viewjob?jk=6f3e2893f08bb8ed,Sr. Account Executive,opentext 서울,,"revenue and identifying, developing, and maintaining long- term constructive and effective client relationships You are great..."
https://kr.indeed.com/viewjob?jk=2fd2eee48721a877,Diagnostics Design-Field Application Sci...,Cytiva 서울,,design in G&CR range of products into Dx application in mid/long term. Troubleshoot customer issues related to G&CR products...
https://kr.indeed.com/viewjob?jk=5ebdbee749ca7eb9,Brand Marketing Professional,Bausch Health 서울,,find the unmet needs in trade and consumer Develop long term internal relationship with wide range of critical stakeholders...
https://kr.indeed.com/viewjob?jk=8dd6147ce587ff72,Campaign Coordinator for South Korea,PETA Asia 대한민국,,Korea in order to bring attention to animal rights issues Term of Employment: Full-time Reports to: Campaigns Manager...
https://kr.indeed.com/viewjob?jk=f8d2d279d8d93acd,New Business Manager (Hunter),S&P Global 서울,,e.g. S&P Global Platts Net Promoter Score) over the long term.” Requirements: Degree with minimum 3-5 years of successful...
https://kr.indeed.com/viewjob?jk=428ce6b3663930da,Health System Specialist,US Department of the Army 4.3 대한민국,,Land & base management Certain current or former term or temporary federal employees of a land or base management agency...
https://kr.indeed.com/viewjob?jk=ab022e03ebece839,"Client Partner, Ecommerce",Facebook 서울,,roadmap to develop business and ultimately forge long term partnerships with top Digital clients in India Develop and execute...
https://kr.indeed.com/viewjob?jk=0e9ff5b4b22fe1c4,"Associate Partner, Supply Chain and Proc...",IBM 3.9 서울,,activities... expected to establish trusted long- term relationships with clients through engagement activities...
https://kr.indeed.com/viewjob?jk=b13ea0152d997b60,Accounting Team Staff,Nexans 서울,,11/19/2020 - Republic of Korea - Seoul - Finance - Unfixed term - Full Time Country : Republic of Korea Location : Seoul...
https://kr.indeed.com/viewjob?jk=3e2c2534acddf9d0,Project Deployment and Support Engineer...,Ateme 서울,,"solution deployment and adoption. By maintaining a long- term relationship, the Project Deployment and Support Engineer..."
https://kr.indeed.com/viewjob?jk=28e1795f8677b936,Intern - Information Systems and Communi...,United Nations ESCAP 인천,,commission of any... acts. The term “sexual exploitation” means any actual... conditions. The term “sexual harassment...
https://kr.indeed.com/viewjob?jk=e884777ed050056e,Financial Intelligence Manager,Thermo Fisher Scientific 3.5 서울,,"growing organization has an exceptional strategy... near term and beyond. Take your place on our strong team, and help..."
https://kr.indeed.com/viewjob?jk=25a21ebfa5410f05,eBeam System Engineer for R&D Extension...,Applied Materials Inc. 경기도 화성,,PDC’s technology team is working on numerous short and long term tasks designed to optimize the performance... current...
https://kr.indeed.com/viewjob?jk=a371ac59ee0e10ee,Help Desk Technician,Vision Information Technology Consultants LLC 대한민국 +1 지역,,"We work side-by-side with our clients as a trusted, long- term partner offering innovative consultation and leadership..."
https://kr.indeed.com/viewjob?jk=093238f67e9a627b,In-Country Sales Executive,Eurocentres 대한민국,,discussions and contract negotiations Develop long- term strategic relationships with key agents Responsible to develop...
https://kr.indeed.com/viewjob?jk=e1e95be5da48420c,Registered Nurse,Conexus MedStaff 대한민국,,USA to work as a registered nurse in a U.S. hospital or long- term care facility. Benefits: Company pension Private medical...
https://kr.indeed.com/viewjob?jk=367a1662f116f5d5,LCSW/LPC - Counselor,Patriot Enterprises LLC 대한민국,,"abuse programs, or any referrals to resources for long- term treatment. Those who have received such care shall be required..."
https://kr.indeed.com/viewjob?jk=ee81869b45fc6fa3,S4HANA Cloud ERP Lead-Korea,SAP 4.3 서울,,short and long term achievements... tactics to develop an effective long- term sales strategy and plan. - Demonstrates...
https://kr.indeed.com/viewjob?jk=3d4a501d2494b4f5,Intern - Environment Affairs,United Nations ESCAP 인천,,commission of any... acts. The term “sexual exploitation” means any actual... conditions. The term “sexual harassment...
https://kr.indeed.com/viewjob?jk=a13addaf3d0ee3a1,"Manager, Technical Support for Cell Cult...",Thermo Fisher Scientific 3.5 서울,,engagement for near- term revenue gains... portfolio to build a foundation for long term growth Utilizes intelligence-based...
https://kr.indeed.com/viewjob?jk=1c40f73810ab431f,Key Account Manager - Korea,Kerry 서울,,setting an obvious sales plan and goal for short term and long term •Provide sales forecast... relative departments...
https://kr.indeed.com/viewjob?jk=7e3efd313957b112,Helicopter Flight Instructor,US Department of the Army 4.3 대한민국,,Land & base management Certain current or former term or temporary federal employees of a land or base management agency...
https://kr.indeed.com/viewjob?jk=19125396b75a4285,Sales Operations - Order To Cash,W. L. Gore & Associates 3.8 서울,,"Maintain Standard Price List including monitoring of long- term contractual pricing agreements for discounts, commissions, etc..."
https://kr.indeed.com/viewjob?jk=97549010d9fef76e,Account Manager- MM,Bytedance 서울,,"Conduct regular business reviews and take a consultative, long- term approach to build productive relationships with clients..."
https://kr.indeed.com/viewjob?jk=7284861dc112dd92,Sr Brand Manager - Food (Global Sourcing...,Coupang 3.0 서울,,"Customer."" Never sacrifices customer experience for short- term goal. Qualifications... ideal candidate will possess..."
https://kr.indeed.com/viewjob?jk=fde64e6948e8cdfa,PM-oncology,Success Korea 서울,,"brands marketing issues... achievement of short and long term business objectives, increased profit, and market control..."
https://kr.indeed.com/viewjob?jk=353a50aa0d13269f,Business Development Senior Manager (1ye...,Klook 서울,,"suppliers, and create merchant success plans for long term sustainable partnership. Provide training and daily operational..."
https://kr.indeed.com/viewjob?jk=38a440b6ec1ea173,Regulatory Affairs Specialist,IDEXX 서울 강남구,,Legal Affairs team to support the creation of long- term value for IDEXX by ensuring product compliance with regulatory...
https://kr.indeed.com/viewjob?jk=e78517f25e25b10b,"Sr. Manager, Instock Planning (Fresh)",Coupang 3.0 서울,,norms) Network DOC design for long term space planning Inventory health policy... Inventory planning long term strategy...
https://kr.indeed.com/viewjob?jk=c483655bface3c24,2021-02 Recruitment Announcement for Pos...,기초과학연구원 울산광역시,,"within 3 months from the appointment start dates. The employment term is within maximum three years (e.g., 1+2 or 2+1 years..."
https://kr.indeed.com/viewjob?jk=1c9eff526f40bc59,"Account Manager, OEM Solutions Business...",Trimble 서울,,exploring new horizons and building long term OEM partnerships. We work together... develop long- term business partnerships...
https://kr.indeed.com/viewjob?jk=f5ec8439ac5d62b6,Enterprise Support Business Development...,Amazon Web Services Korea LLC 서울,,"long- term about the needs of complex... proposition, in order to build long- term business opportunity. You will engage..."
https://kr.indeed.com/viewjob?jk=0fe20425215c7f55,Director Program management (Fresh Food)...,Coupang 3.0 서울,,near and long- term business strategies... risk... ability to resolve long term problems. Preferred Qualifications...
https://kr.indeed.com/viewjob?jk=3913189c1b6f4ab3,KAIST 응용과학연구소(신소재공학과 나노소재및첨단분석연구실) 연수연구원...,카이스트 4.0 대전 유성구,,KAIST 응용과학연구소 ( 신소재공학과 나노소재및첨단분석연구실 ) 연수연구원 (Post-Doc) 모집 공고 1. 모집 분야 및 직무 직 종 모집분야 모집구분 모집인원 직 무 연구직 연수연구원 (A) (Post-Doc) 경력...
https://kr.indeed.com/viewjob?jk=5bde0d75294e8960,Inlet Facility/Topside Utility Operator,Command Group 대한민국,,Inlet Facility/Topside Utility Operator Short term contract 8 months Location: South Korea Key responsibilities...
https://kr.indeed.com/viewjob?jk=f5010a5cc64c5fc8,Education Services Specialist,US Department of the Army 4.3 대한민국,,disabilities Land & base management Certain current or former term or temporary federal employees of a land or base...
https://kr.indeed.com/viewjob?jk=b5faace09fd0567e,Joint Operational Planner - South Korea,Barbaricum 경기도 평택,,"long- term objectives, focus areas that support end states Assess performance against intermediate and long- term objectives..."
https://kr.indeed.com/viewjob?jk=d06a37f684a28ca2,Fire Protection Specialist,US Department of the Army 4.3 대한민국,,Land & base management Certain current or former term or temporary federal employees of a land or base management agency...
https://kr.indeed.com/viewjob?jk=ecad31db937bb469,Logistics Management Specialist,US Department of the Army 4.3 대한민국,,Land & base management Certain current or former term or temporary federal employees of a land or base management agency...
https://kr.indeed.com/viewjob?jk=d41498e960612542,"Senior Talent Acquisition Specialist, Ko...",Medtronic 3.9 서울,,solutions that address business Talent needs (short and long term). To ensure... Company’s agreed quality standards...
https://kr.indeed.com/viewjob?jk=4fcc3e7ea8421d49,"Practice Manager, Professional Services...",Amazon Web Services Korea LLC 서울,,disciplined team of direct reports. The PM will develop a long term Professional Services territory strategy and execute...
https://kr.indeed.com/viewjob?jk=f6454e14329901f9,Head of Sales-Mid-Market,Bytedance 서울,,functional teams to improve the efficiency and build long term growth. 1. BA/BS degree or above. 2. 10+ years of overall...
https://kr.indeed.com/viewjob?jk=0562d1653fb73460,Associate Marketing Manager,Stryker Corporation 서울,,technical support for sales team to achieve short/long- term sustainable growth Build and execute promotional action plan...
https://kr.indeed.com/viewjob?jk=71b9593206038392,"Area Sales Manager, Consumer Sales",Apple 서울,,competition. You analyze the market and think beyond the short- term. You see the world through the eyes... customer...
https://kr.indeed.com/viewjob?jk=5248fb5d25881f65,Intern - Graphic Design,United Nations ESCAP 인천,,commission of any... acts. The term “sexual exploitation” means any actual... conditions. The term “sexual harassment...
https://kr.indeed.com/viewjob?jk=e9f52e8e3de52a42,Transition Services Specialist,US Department of the Army 4.3 대한민국,,Land & base management Certain current or former term or temporary federal employees of a land or base management agency...
https://kr.indeed.com/viewjob?jk=70e157fe3b1d6f26,CIB Operations - Tax Client Support Anal...,"JPMorgan Chase Bank, N.A. 서울",,"drives everything we do. We strive to build trusted, long- term partnerships to help our clients achieve... business..."
https://kr.indeed.com/viewjob?jk=f671b28649cdf20b,MCS Sales Manager,Medtronic 3.9 대한민국,,"strengthening long- term relationships... implant, post-operative care and long- term use... HVAD system Supports all..."
https://kr.indeed.com/viewjob?jk=277a65d1fa644a27,Security Service_SoC Manager (계약직),IBM 3.9 서울,,"apparent security breaches •Play a significant role in long- term SOC strategy and planning, including initiatives geared..."
https://kr.indeed.com/viewjob?jk=c849c4f645e67a0b,"Director, Software Engineering",Nike 4.2 서울,,"product lifecycle process to help plan for near, mid and long term capability delivery and facilitate trade off discussions..."
https://kr.indeed.com/viewjob?jk=2d214050c0c168cc,"Sales Business Development Manager, Stra...",Cisco Systems 4.1 서울,,winning capability within Cisco by contributing... long- term success of Cisco through the sharing of methodologies...
https://kr.indeed.com/viewjob?jk=7833502ab849fe93,Public Sector Education Account Executiv...,Amazon Web Services Korea LLC 서울,,prospects in order to build long- term business opportunity. You’ll also work... Develop long- term strategic partnerships...
https://kr.indeed.com/viewjob?jk=f9e94595463d885e,SAP CS consultant,Kryptos Technologies limited 대한민국,,end Rental solutions & designed processes for Long term rental management We are also looking for people with integration...
https://kr.indeed.com/viewjob?jk=f4750c486cc78516,Application Engineer Consultant - HAV,Mentor Graphics (Korea) LLC 4.0 경기도 성남,,build and improve customer relationships to ensure long term customer satisfaction. Works closely with area sales management...
https://kr.indeed.com/viewjob?jk=de0d21966a3ee254,"Field Sales Representative, Enterprise,...",Google 4.3 서울,,"relationships with enterprise customers. Influence long- term strategic direction, and serve as a business partner. Negotiate..."
https://kr.indeed.com/viewjob?jk=94d58652d269345e,KEPCO English Teacher / Part-time / (Naj...,SLI(Solution for Learning Innovation) 대한민국,,Starting date : 2nd of November 2020 ~ onwards (3months each term) * Students : Adults small group lesson (Company employee...
https://kr.indeed.com/viewjob?jk=462486faa6c80571,Media Sales Director - Korea,Taboola 서울,,Work closely with our Account Managers to manage long- term relationships with our clients. Convey feedback from clients...
https://kr.indeed.com/viewjob?jk=73c248d441758735,Edge Services Sales Rep - Amazon Web Ser...,Amazon Web Services Korea LLC 서울,,forecast and various business reports. · Develop long- term strategic relationships with key accounts. · Ensure customer...
https://kr.indeed.com/viewjob?jk=e0b4483b280099e5,Executive/Senior Associate – Fund Manage...,Macquarie Group Limited 서울,,principal investment. Job no: MAM-954599 Work type: Fixed term Location: Seoul Category: Mid-level Group: Macquarie Asset...
https://kr.indeed.com/viewjob?jk=ee8291b33acec360,INFORMATION SECURITY SPECIALIST,US Department of the Navy 대한민국,,Land & base management Certain current or former term or temporary federal employees of a land or base management agency...
https://kr.indeed.com/viewjob?jk=ee81869b45fc6fa3,S4HANA Cloud ERP Lead-Korea,SAP 4.3 서울,,short and long term achievements... tactics to develop an effective long- term sales strategy and plan. - Demonstrates...
https://kr.indeed.com/viewjob?jk=05a93ec504aceaec,Global Account Manager,Vodafone 서울,,"partners... drive profitable and long- term revenue contribution, customer... profitable, long term business of those..."
https://kr.indeed.com/viewjob?jk=b4a1ec96dbff425b,Youth Ministry Director at Camp Humphrey...,Christian Career Center 경기도 평택,,stationed all over the world... military brats” (a term of endearment) live in an environment where... military...
https://kr.indeed.com/viewjob?jk=4ad2184003a14962,Channel Account Manager,TeamViewer GmbH 서울,,"development... partners, assisting them in developing a long- term successful strategy for achieving... business..."
https://kr.indeed.com/viewjob?jk=bdc85b5f10573a3a,WWPS Education Program Manager,Amazon Web Services Korea LLC 서울,,"Program strategy and coverage, recruit, motivate, and develop long term relationships with key government agencies, education..."
https://kr.indeed.com/viewjob?jk=f51c58f2b1431fbb,Supply Management Officer,US Department of the Army 4.3 대한민국,,Land & base management Certain current or former term or temporary federal employees of a land or base management agency...
https://kr.indeed.com/viewjob?jk=2b7a376abaff07b4,Industry Consultant_Financial Service,IBM 3.9 서울,,Deliver signings both quarterly and against a longer- term plan Required Technical and Professional Expertise - Demonstrated...
https://kr.indeed.com/viewjob?jk=0049e64a61fecda5,IMC- PR Mgr,Success Korea 서울 강남구,,자격요건 담당직무 1.Draft and develop competitive short & long term digital strategy 2. Improve digital media spending effectiveness...
https://kr.indeed.com/viewjob?jk=603d7115c880c307,Finance Controller,Diageo 4.0 서울,,process with business partners... context... longer term strategic business unit goals... external environment...
https://kr.indeed.com/viewjob?jk=422c429f445c97f4,"Partnerships Manager - Mid-Market, Korea",Bytedance 서울,,functional teams to improve the efficiency and build long term growth. 1. BA/BS degree or above. 2. 2-10 years of overall...
https://kr.indeed.com/viewjob?jk=87d139c63c277e98,Solutions Engineer,DataDog 대한민국 +1 지역,,continues to innovate... well positioned... long term. Equal Opportunity at Datadog: Datadog is an Affirmative...
https://kr.indeed.com/viewjob?jk=fdf4ea991aef7fbf,Digital Marketing Specialist (18-month c...,McKinsey & Company 4.3 서울,,"challenges faced by our clients... position... fixed term of 18 months... role, you will collaborate within..."
https://kr.indeed.com/viewjob?jk=45c58991acce7bee,"Sr. Director, Logistics Operations",Coupang 3.0 서울,,"judgment, able to step back and look at long term vision... department growth... step back and look at long term vision..."
https://kr.indeed.com/viewjob?jk=674c8f8160be417c,Technical Manager,Air Liquide 서울,,consistent performances and responsibility over the long term. Entity and activity description Air Liquide Solutions Korea...
https://kr.indeed.com/viewjob?jk=23ff05d6199fcd7f,Senior Accountant,AESOP Corporate 서울,,"develop, document and drive accounting and financial reporting long term strategy, processes, and knowledge base; Formalize..."
https://kr.indeed.com/viewjob?jk=c2c9cde027fe4414,[이태리계 포워딩] 포워딩 영업 경력직원(7년 이상),사비노델베네코리아 서울 강서구,,willingness to go the extra mile for customers and build long term relationships ● Driver’s license... ability to travel...
https://kr.indeed.com/viewjob?jk=772273e6069c49df,Organon-PV & Regulatory Affairs Lead,MSD 서울,,PV short and long- term country/country... responsible for both short and long- term budget planning including regulatory...
https://kr.indeed.com/viewjob?jk=3a971b518fef36bf,Application Scientist,Oxford Instruments Plc 서울,,partners and market conditions consistent... long- term goals... company. Carry out customer demonstrations...
https://kr.indeed.com/viewjob?jk=540f40a6a2bde9cf,Client Manager,dunnhumby 서울,,edge techniques on projects... have both short and long- term impact. You'll work within a fast-paced client leadership...
https://kr.indeed.com/viewjob?jk=ea0c2fd84510e26c,Sales Engineer and Area Manager for Kore...,Opto Engineering 서울,,등) 사이의 인터페이스 역할 Your responsibilities: build and develop long- term relationships with customers within a defined sales area...
https://kr.indeed.com/viewjob?jk=73c22021540acd71,Integrated Planning Manager,Netflix 서울,,roles and titles to get great work done... role: Long- Term Planning - you will assess opportunities for APAC markets...
https://kr.indeed.com/viewjob?jk=8f8d21f9934449d6,RLT Key Account Manager,Novartis 서울,,customer contact... charge of forging long- term business relationships with key decision-makers and influencers...
https://kr.indeed.com/viewjob?jk=5ad2ea0313301e31,New Business Developer,Glass Substrates for TFT-LCDs 대한민국,,development of technology and capabilities to support the long term needs... business -Collaborate... business unit...
https://kr.indeed.com/viewjob?jk=ffb3cac5db587e4a,Telco Business Development Management (P...,Hewlett Packard Enterprise 3.8 서울,,"customer, account team or partner on long- term basis across... entire enterprise... client leadership for long- term strategic..."
https://kr.indeed.com/viewjob?jk=c63837e099282f48,2021 Arrow Management Trainee – Field Sa...,Arrow Electronics 경기도,,"Ideal candidates should be available and interested in long- term participation. Location: KR-Seoul, Korea (Centerpoint..."
https://kr.indeed.com/viewjob?jk=da83ccf654e10ff8,Lead Engineer - McKinsey Digital (18-mon...,McKinsey & Company 4.3 서울,,source technologies together with traditional Enterprise software products... position... fixed term of 18 months.
https://kr.indeed.com/viewjob?jk=15af3dddb2cc8813,Territory Sales Manager- NGS,Integrated DNA Technologies (IDT) 경기도,,client relationship by understanding both short- term and long- term needs/goals for optimal positioning of IDT’s products...
https://kr.indeed.com/viewjob?jk=368026f167c0b83c,Project Assistance D&L Sepcialist,MSD 서울,,phone calls or emails. Employee Status: Temporary (Fixed Term)Relocation:No relocationVISA Sponsorship:Travel Requirements...
https://kr.indeed.com/viewjob?jk=a6af373b62fbe30d,[Consumer Health] Project Management Spe...,Johnson & Johnson Family of Companies 4.2 충청북도 청주,,"Project Management Specialist - 근무지: 충북 청주시 - 근무형태: Fixed Term (계약직) [Summary... position is designed to plan, manage..."
https://kr.indeed.com/viewjob?jk=0dab6bec07d1638c,"Director, Publisher Development South Ko...",PubMatic 서울,,"responsible for establishing, long- term, mutually beneficial partnerships... closing long- term mobile relationships..."
https://kr.indeed.com/viewjob?jk=d858a270a940c293,Management Team | Gangdong-gu | Seeking...,POLY Gangdong 서울,,Responsibilities POLY Gangdong is looking to add a new long term member... school management staff. The right...
https://kr.indeed.com/viewjob?jk=03c67b34ce01888f,KR_AH_Sales Trainer,Boehringer Ingelheim 4.1 대한민국,,"animals... family owned company, we focus on long- term performance. We believe... we have talented and ambitious..."
https://kr.indeed.com/viewjob?jk=e70f2ca2f79ff9e3,Server Build Technician (Seoul),"SoftLayer Technologies, Inc. 서울",,who have 1 year of working experience or related educational qualifications are encouraged to apply Fixed Term Contract
https://kr.indeed.com/viewjob?jk=06995d4800ce38f3,Field Application Engineer (FAE) – Korea...,LUCID Vision Labs 대한민국,,"grow your career... company grows Permanent, long- term employment in a pleasant and fun environment Email us at careers..."
https://kr.indeed.com/viewjob?jk=899da529209fa80f,Account Manager,聯發科技 경기도 성남,,proactive/strategic approach and maintain on-going biz for long- term partnership with clients. 3. Manage biz proposal/FCST...
https://kr.indeed.com/viewjob?jk=932581a5e29a3adf,Sales representative,Berga Recycling 서울,,support... Inside sales department. - Build long term business relationship with existing and potential accounts...
https://kr.indeed.com/viewjob?jk=d7c930674681f845,AE Indirect – Consumer Reseller Online A...,Apple 서울,,"beyond the short- term. You see the world... you’ve balanced delivering on short- term goals, while building balanced value..."
https://kr.indeed.com/viewjob?jk=67718d1ed442e54d,Manager of Equity and Long-Term Incentiv...,Coupang 3.0 서울,,Coupang's equity and long- term incentive... long- term incentive grants. Reconcile and upload payroll payments on long- term...
https://kr.indeed.com/viewjob?jk=6315ef0fdac99d07,Teaching Business English Communication...,Speaking Proficiency Enhancement Program 대한민국,,"2020 ~ January 2021 (at SPEP Apgujeong Center, Seoul) Short- term (4-month) contract available [Salary] Based on 160..."
https://kr.indeed.com/viewjob?jk=f8959a77197be4e9,Account Manager- MM,TikTok 서울,,"Conduct regular business reviews and take a consultative, long- term approach to build productive relationships with clients..."
https://kr.indeed.com/viewjob?jk=daea6a267e16f0ec,Marketing Manager - Korea - Field Market...,Aveva 서울,,Korea’s business vision for short terms (2-3 year) and longer term (>3 years) Tactical (i.e. Demand/Pipeline Generation...
https://kr.indeed.com/viewjob?jk=a7fd1998db48f335,Salesforce Developer,IQVIA 서울,,"time, costs and results Define and implement long- term technical architectures / integrations - sustainable - scalable..."
https://kr.indeed.com/viewjob?jk=83aca4a96d00fb64,EPC Sales Engineer,"Atlas Copco Korea Co., Ltd. 경기도 성남",,"Defining the quoted price through information of delivery term, contract term... relative difficulty... project..."
https://kr.indeed.com/viewjob?jk=dd57bda72788eb1e,"Marketing Manager, Coolsculpting",Abbvie 서울,,Consumers) and carry out 2. Coordinate the short- term & mid- term sales forecast process based on solid market insights...
https://kr.indeed.com/viewjob?jk=4733c382358be381,KR_AH_CA Administrator (Temp),Boehringer Ingelheim 4.1 대한민국,,"animals... family owned company, we focus on long- term performance. We believe... we have talented and ambitious..."
https://kr.indeed.com/viewjob?jk=73abff0f1c419230,Retail Standards & Operations Manager,Burberry 서울,,"mindset is core to our business and key to our long- term success. JOB PURPOSE RESPONSIBILITIES Supervise, implement..."
https://kr.indeed.com/viewjob?jk=1f0b29d4dfcfd8c9,HR Manager,Burberry 서울,,mindset is core to our business and key to our long- term success. JOB PURPOSE As an ambassador... company’s culture you...
https://kr.indeed.com/viewjob?jk=52a593e64d404756,Mid-Market Sales Engineer,DataDog 대한민국 +1 지역,,continues to innovate... well positioned... long term. Equal Opportunity at Datadog: Datadog is an Affirmative...
https://kr.indeed.com/viewjob?jk=3cc0f6ebeaa61255,[Janssen] Product Manager,Johnson & Johnson Family of Companies 4.2 서울,,short and long- term strategic marketing... translate them into clear short term and long- term strategies. 5) Self-driven...
https://kr.indeed.com/viewjob?jk=9e275d4978dece87,Partnerships Manager - Key Account - Kor...,TikTok 서울,,functional teams to improve the efficiency and build long term growth. Qualifications 1. BA/BS degree or above. 2. 4-10 years...
https://kr.indeed.com/viewjob?jk=ffe90fface49bab0,Customer Success Specialist (CSS) - Inte...,Cisco Systems 4.1 서울,,make tactical and strategic deployment decisions and track long term business outcomes Drive adoption and expansion of Cisco...
https://kr.indeed.com/viewjob?jk=db15f9fff4d03f36,Business Development Director (1 year co...,Klook 서울,,"suppliers, and create merchant success plans for long term sustainable partnership. Provide training and daily operational..."
https://kr.indeed.com/viewjob?jk=0a46c5df20446bc6,글로벌코스메틱PR,Success Korea 서울 강남구,,채널 화장픔 브랜드) Key Job Accountabilities Develop short- term/ long- term communication strategy and execute strategic PR campaigns...
https://kr.indeed.com/viewjob?jk=61c290bc83dd2dca,Group Product Manager (부장급),Success Korea 서울 여의도역,,Main responsibility: Contribute to achieve short & long term sales/profit and brand growth by establishing & implementing...
https://kr.indeed.com/viewjob?jk=774c58f447c0fe75,"KR_HP_Medical Affairs Lead, Respiratory",Boehringer Ingelheim 4.1 대한민국,,"humans and animals... family owned company, we focus on long term performance. We are powered by 50,000 employees globally..."
https://kr.indeed.com/viewjob?jk=e5555cbf0318d173,Global Sales Lead - Workplace Transforma...,Dell Technologies 4.0 서울,,accounts and managing Korean multinationals globally through long- term strategic interactions involving C-Level relationship...
https://kr.indeed.com/viewjob?jk=1ed0d470d1b09a5f,Intern - Economic Affairs,United Nations ESCAP 인천,,commission of any... acts. The term “sexual exploitation” means any actual... conditions. The term “sexual harassment...
https://kr.indeed.com/viewjob?jk=2d2437806cbfafe0,영어강사,(주)대구외대어연 대구 북구,"연봉 24,000,000원","있습니다. 휴 가: 여름휴가, 겨울휴가가 주말 포함 각각 5일정도 제공됩니다. 주중휴가: 수요일 기준 Mid- Term, Final Test 기간을 이용하여 연차별로 휴가가 제공 될 수 있습니다. 연차휴가: 장기근무자에게..."
https://kr.indeed.com/viewjob?jk=ec401422afc7ddd2,SUPERVISORY SCHOOL AGE PROGRAM COORDINAT...,US Department of the Air Force 4.4 경기도 오산,,disabilities Land & base management Certain current or former term or temporary federal employees of a land or base...
https://kr.indeed.com/viewjob?jk=132ca14f9f746ee7,외국계화학사 Process Engineer,외국계 화학전문 대기업 전라남도 여수,,technology exchange with other sites ?Planning the mid- term capital expenditure and carry out capital project ?Administrate...
https://kr.indeed.com/viewjob?jk=3bada37de786abe2,Corporate English Trainer for Business C...,Speaking Proficiency Enhancement Program 경기도 용인,,"2020 ~ February 2021 (at SPEP Apgujeong Center, Seoul) Short- term (4-month) contract available [Salary] Based on 160..."
https://kr.indeed.com/viewjob?jk=42faf8cfce51c82e,외국계은행 FI RM 채용,외국계은행 서울 중구,,"Executes each credit transactions, Bilateral Term loan, Syndicated or Club Term Loan, Private or Public Samurai Bond, FRN..."
https://kr.indeed.com/viewjob?jk=43bf0c7e2b10e9b5,Operations Manager (운영팀장) - 한국,Beam 서울,,highly adaptable candidate who is able to switch between long- term strategic initiatives one moment and pivot into rapid...
https://kr.indeed.com/viewjob?jk=874fb8367ad03070,Key Account Manager for EMI Shield,Success Korea 경기도 수원,,"term relation at various levels and disciplines, in order to maximize the value (top- and bottom-line) of short & long term..."
https://kr.indeed.com/viewjob?jk=453059a96c4cb537,KR_HP_MSL_oncology,Boehringer Ingelheim 4.1 대한민국,,"animals... family owned company, we focus on long- term performance. We believe... we have talented and ambitious..."
https://kr.indeed.com/viewjob?jk=51881c46961396ba,글로벌화장품PR,Success Korea 서울 강남구,,채널 화장픔 브랜드) Key Job Accountabilities Develop short- term/ long- term communication strategy and execute strategic PR campaigns...
https://kr.indeed.com/viewjob?jk=f7390c2adfa48302,Senior Sales Rep- Sports medicine,Success Korea 서울,,financial goals... business. Establish short and long term sales strategy and forecasts... local Seoul/Gyunggi...
https://kr.indeed.com/viewjob?jk=0fbc59d8c122aa5c,"Account Manager, Digital Native Business...",Amazon Web Services Korea LLC 서울,,"business... environment, and managing a team to build long- term business and marketing opportunities... ideal..."
https://kr.indeed.com/viewjob?jk=29e4ef6bbe864abe,Laura Mercier Product Manager,Shiseido International France 서울,,sales report & analyze keyline sales. Set up Short / long term strategies by supporting senior product manager Manage all...
https://kr.indeed.com/viewjob?jk=0175294332de1c12,Business Development Representative II,Oracle 3.8 서울,,products preferred. Desire... long- term career in sales preferred. Two years... Desire... long- term career in sales...
https://kr.indeed.com/viewjob?jk=190ab77496e92e6a,"Principal, Program Management (Finance)",Coupang 3.0 서울,,support the business growth... company's long- term vision. Roles & responsibilities include: Lead... support...
https://kr.indeed.com/viewjob?jk=409cc25563c9082e,외국계은행 cash Management 채용,은행 대전 중구,,[담당업무] - Cash Management e-banking non-STP payments - Term deposit placement & settlement - Cash internal & external...
https://kr.indeed.com/viewjob?jk=1ab28fcff0a11bc0,반도체 장비회사 대표이사,반도체 장비 화성 동탄면,,business growth strategies and plans to meet short- term and long- term objectives o Develop new business opportunities...
https://kr.indeed.com/viewjob?jk=a30204f2cfe3aaab,"Senior, Backend Engineer (Search Infrast...",Coupang 3.0 서울,,design an extensible system to serve both short term and long term needs and implement it incrementally Excellent...
https://kr.indeed.com/viewjob?jk=9a20d6836e358559,Field Sales Executive - Renewals,Wolters Kluwer 서울 여의도,,"build rapport with people easily, at any level, and develop long term relationships Well organized... strong attention..."
https://kr.indeed.com/viewjob?jk=644c195d1e3f7824,메이크업화장품PR,Success Korea 서울 강남구,,채널 화장픔 브랜드) Key Job Accountabilities Develop short- term/ long- term communication strategy and execute strategic PR campaigns...
https://kr.indeed.com/viewjob?jk=04bed05fc1b3b740,HR Manager채용,Success Korea 서울 강남구,,law; - Develop HR plans... CEO to ensure short- and long- term staff requirements; - Provide effective induction...
https://kr.indeed.com/viewjob?jk=e304a4395da93b3d,Sales & Marketing Director 총괄,에이치알 코리아 서울,,"sales & marketing... achievement of short and long term business objectives, increased profit, and market share through..."
https://kr.indeed.com/viewjob?jk=b31cbca1beff55c3,Program Analyst,US Department of the Army 4.3 대한민국,,Land & base management Certain current or former term or temporary federal employees of a land or base management agency...
https://kr.indeed.com/viewjob?jk=89a7a39688e67803,Channel Sales Manager (over 7 years),Success Korea 경기도 부천,,"sales activities to achieve short (monthly, quarterly) and long term (yearly) business objectives which maximise profits..."
https://kr.indeed.com/viewjob?jk=1af6307af84af946,[Janssen Vaccines] QC Manager,Johnson & Johnson Family of Companies 4.2 인천,,"assessment and drive to closure. • Capability to provide long- term planning of QC lab capabilities and capacity, including..."
https://kr.indeed.com/viewjob?jk=5d9ccb303f6c2f18,"Senior KA Sales Manager, IVD",Success Korea 서울 강남구,,objectives. -Explore more business innovation and make long term business plan. -Responsible for customer group breakthrough...
https://kr.indeed.com/viewjob?jk=fb6c3ec6b1449077,Customer Success Specialist (CSS) - Camp...,Cisco Systems 4.1 서울,,make tactical and strategic deployment decisions and track long term business outcomes Drive adoption and expansion of Cisco...
https://kr.indeed.com/viewjob?jk=cb3bbfbb18a5d977,Marketing Director,에이치알 코리아 서울,,"marketing group... achievement of short and long term business objectives, increased profit, and market share through..."
https://kr.indeed.com/viewjob?jk=e1c321e5500f68e5,"Senior Marketing Specialist, Pharma Serv...",Thermo Fisher Scientific 3.5 서울,,"Specialist is responsible for developing the short and long- term marketing strategy for Korea, and supporting the APAC Thermo..."
https://kr.indeed.com/viewjob?jk=34e301a54474e9e4,INTERN - ENVIRONMENT AFFAIRS [Temporary],United Nations 인천,,commission of any... acts. The term “sexual exploitation” means any actual... conditions. The term “sexual harassment...
https://kr.indeed.com/viewjob?jk=481785fe5528a3ed,Senior Director of Strategy(전략기획이사),에이치알 코리아 서울,,"investment opportunities • Establish short, mid & long term investment and portfolio strategy and ute such strategy upon..."
https://kr.indeed.com/viewjob?jk=3c2e52ced8813f87,Transformational License Agreement Sales...,Dell Technologies 4.0 서울,,role... substantially shift the sales motion to longer term and transformational. It should fundamentally increase...
https://kr.indeed.com/viewjob?jk=8b3e29f47525032a,외국계헤어사업부PR,Success Korea 서울 강남구,,담당직무 글로벌코스메틱 헤어사업부 PR /커뮤니케이션- JD참조 Develop short- term/ long- term communication strategy and execute strategic PR campaigns...
https://kr.indeed.com/viewjob?jk=51b01ccc49d7488e,Theme Park Business Developer,Theme Park N Attractions 경기도 용인,,"multi-national amusement/theme park companies Contract Term: 2yrs, but renewable. Compensation: Very competitive (Negotiable..."
https://kr.indeed.com/viewjob?jk=2fb23b73423d4dd2,외국계은행 FI RM Head 채용,외국계은행 서울 중구,,all documentation: reviewing and executing bilateral term loan agreement and etc. - Monitors each credit... transaction...
https://kr.indeed.com/viewjob?jk=89fc3ea64cc46685,Employment Readiness Progarm Manager,US Department of the Army 4.3 대한민국,,Land & base management Certain current or former term or temporary federal employees of a land or base management agency...
https://kr.indeed.com/viewjob?jk=86ef767113732ef8,Sales Manager,Success Korea 서울,,agreements to generate win-win scenarios that ensure a long- term customer relationship - Visit customers... potential...
https://kr.indeed.com/viewjob?jk=d37bec15b487ba42,Brand Manager,Success Korea 서울,,success... mid- term objectives... targets of Korea on short /Mid and long term. - Other Tasks: Material development...
https://kr.indeed.com/viewjob?jk=99f25dd2418d7378,National Sales and Marketing Manager,Kuehne+Nagel 서울,,new sales opportunities. + To establish and maintain long term sustainable partnerships with customers and service providers...
https://kr.indeed.com/viewjob?jk=e608119565bb5c89,TELECOMMUNICATIONS SPECIALIST,US Department of the Air Force 4.4 경기도 오산,,disabilities Land & base management Certain current or former term or temporary federal employees of a land or base...
https://kr.indeed.com/viewjob?jk=c05ad1702294846b,Enterprise Architect,Oracle 3.8 서울,,architecture strategy that delivers... customer’s long- term goals... work in collaboration with other pre-selling...
https://kr.indeed.com/viewjob?jk=e696131eae794f34,IT SPEC (CUSTOMER SUPPORT/INFOSEC),US Department of the Army 4.3 대한민국,,Land & base management Certain current or former term or temporary federal employees of a land or base management agency...
https://kr.indeed.com/viewjob?jk=b7c1e45d6719335e,금요일 저녁부터 주말수업 없는 좋은학원 수학 선생님,인하대역SDA삼육어학원 인천,"월급 2,500,000원","업은 없구요. 다만, 중고등학생 시험기간에는 일요일에 3회정도 진행합니다. 2개월마다 학원의 짧은 방학( term break)이 있어 재충전의 시간도 확보되어 있습니다. 강의하는 아이들 전문 수학 프로그램으로 1:1 개인..."
https://kr.indeed.com/viewjob?jk=77d863b350e3c065,INTERN - GRAPHIC DESIGN [Temporary],United Nations 인천,,commission of any... acts. The term “sexual exploitation” means any actual... conditions. The term “sexual harassment...
https://kr.indeed.com/viewjob?jk=4ad2184003a14962,Channel Account Manager,TeamViewer GmbH 서울,,"development... partners, assisting them in developing a long- term successful strategy for achieving... business..."
https://kr.indeed.com/viewjob?jk=81e638df1fe15f7b,Position at April Chungdahm Pyeongchon B...,Chung Dahm Learning 4.0 대한민국,,average) all contracts... minimum one year term E2 sponsorship (we also accept those with F-visas) Requirements...
https://kr.indeed.com/viewjob?jk=1d2472440df33e7b,Tech Business Development Associate,펍지 서울 서초구,,"선정 프로세스 지원 파트너쉽 관련 협의/계약 협상 지원 - 당사의 협상력을 높이고 파트너사와 건강한 long- term relationship을 구축할 수 있도록, BD Manager를 지원하여 계약 체결 프로세스 지원 [지원..."
https://kr.indeed.com/viewjob?jk=da912be7b0bb1fb0,Special Operations Physical Therapist (C...,KBR 대한민국,,facilities. • Assist... preparation of short and long- term fiscal plans. • Submits input... HP program Manager...
https://kr.indeed.com/viewjob?jk=437bec8b32923cde,"Operations Strategy Manager, Korea",Lime 서울,,industry Utilize operational data to develop short term and mid term business strategies Conduct complex analyses...
https://kr.indeed.com/viewjob?jk=6492627f9b86bf0c,Sales ( Service Product Specialist),"Agilent Technologies, Inc. 서울",,maintaining... satisfaction. Maintains positive ongoing long- term relationships with key customers. Interprets customer...
https://kr.indeed.com/viewjob?jk=e329b7aeede82a75,Senior Finance Manager,The Clorox Company 서울,,"Management Unit (PMU) Lead long term strategic planning process including... team, Lead the short term planning..."
https://kr.indeed.com/viewjob?jk=6cee2d8f9f26bf34,"Primary Support Engineer, Oracle Technol...","Rimini Street, Inc. 대한민국",,"focus on customer support... ability to build long term, successful working relationships with Clients Good knowledge..."
https://kr.indeed.com/viewjob?jk=5b6f23be69aabd04,GSF/R&D Controller,Sanofi 4.1 서울,,"JOB PURPOSE/PRIORITIES Plan, monitor & control the short and mid- term business financial performance in close relationship..."
https://kr.indeed.com/viewjob?jk=85ffa391bda6824c,Specialist Inside Sales SEA,LUXENDO GmbH 서울,,"customer relationships ensuring Bruker is seen as a long- term business partner. Work closely... sales, Market Product..."
https://kr.indeed.com/viewjob?jk=b01f2c6d2106d6c3,Key Account Management Admin,Diageo 4.0 서울,,Office Contract Term : 1 yr Diageo... Worker Type : Fixed Term Contract (Fixed Term) Primary Location: Seoul Office...
https://kr.indeed.com/viewjob?jk=25ea2d097b42fcd8,EPC Sales Manager,ABB 4.0 서울,,market in accordance with Strategy. You will build long term customer relationships and manage resolution to specific...
https://kr.indeed.com/viewjob?jk=710cf30847ba6446,"Manager, Financial Planning and Analysis",MasterCard 서울,,"• Responsible for budgeting and forecasting short/long- term plans, as well as preparing and analyzing internal and external..."
https://kr.indeed.com/viewjob?jk=c13cd2aa1af37ee8,General Supply Specialist,US Department of the Army 4.3 대한민국,,Land & base management Certain current or former term or temporary federal employees of a land or base management agency...
https://kr.indeed.com/viewjob?jk=0e67b7ae3f9ad3a0,"Business Development Manager, Independen...",Google 4.3 서울,,Google. Build and maintain relationships to influence long- term strategic direction. Act as an advisor... customer...
https://kr.indeed.com/viewjob?jk=55c05c872a4f55b9,Associate Design Director (18-month cont...,McKinsey & Company 4.3 서울,,you'll communicate the product’s vision to clients and customers... position... fixed term of 18 months.
https://kr.indeed.com/viewjob?jk=aee5c9a9e54f4db9,Business Controller,ABB 4.0 서울,,"delivers the insights we need to make successful, long- term business decisions. ABB's Robotics and Discrete Automation..."
https://kr.indeed.com/viewjob?jk=09e42e70ba295784,CX - Network Consulting Engineer,Cisco Systems 4.1 서울,,"become a trusted advisor, capable of building solid, long- term relationships with customers. You... expected..."
https://kr.indeed.com/viewjob?jk=55e5e328c7403fff,Asia Integrated Marketing Strategist (상시...,3M 4.0 서울,,Marketing Manager in building overall short and long- term Area/Division IM strategy. Own strategic End to End (Lead...
https://kr.indeed.com/viewjob?jk=c45603874e24a6f4,Regional Procurement Manager,CO E&A Customer Operations EMEA & APAC 서울,,"scouting, onboarding and contracting Ability to build mid- term / long- term strategy for procurement Ability to work under..."
https://kr.indeed.com/viewjob?jk=8a376a2df99b1b32,NARS Product Manager,Shiseido International France 서울,,sales report & analyze keyline sales. Set up Short / long term strategies by supporting senior product manager Manage all...
https://kr.indeed.com/viewjob?jk=d4f82394e8f7d2ed,Sr. IT Analyst,Kimberly-Clark 서울,,Korea – Seoul Additional Locations Worker Type Employee Worker Sub-Type Fixed Term (Fixed Term) Time Type Full time
https://kr.indeed.com/viewjob?jk=812765cc7ce11b5d,Corporate English Trainer Needed Short-T...,Speaking Proficiency Enhancement Program 대한민국,,"December 2020 (at SPEP Apgujeong Center, Seoul) Short- term (4-month) contract available [Salary] Based on 160 teaching..."
https://kr.indeed.com/viewjob?jk=e8de7c0fc2c04a0e,Project Manager - P2E,"Systek, Inc. 대한민국",,"package, including health, dental, life, disability, and long- term care insurance effective on an employee’s date of hire..."
https://kr.indeed.com/viewjob?jk=716193a2147ae47e,Postal Superintendent,US Department of the Army 4.3 대한민국,,Land & base management Certain current or former term or temporary federal employees of a land or base management agency...
https://kr.indeed.com/viewjob?jk=5befb6e3bc29298e,"Technical Specialist, Professional Servi...",Google 4.3 서울,,customers attain... business goals while building long- term capabilities. Behind every advertising campaign at Google...
https://kr.indeed.com/viewjob?jk=73f9814f9c834c41,Digital Marketing Manager,Hasbro 대한민국,,optimal resources/investment in Korea to drive robust long- term growth. Establish and run rhythms of business with related...
https://kr.indeed.com/viewjob?jk=b2d39fe3f1aedc0b,Partnerships Manager - Key Account - Kor...,Bytedance 서울,,functional teams to improve the efficiency and build long term growth. 1. BA/BS degree or above. 2. 4-10 years of overall...
https://kr.indeed.com/viewjob?jk=0a95fa194ddf1303,Integrated Logistics Support Analyst,"Systek, Inc. 대한민국",,"package, including health, dental, life, disability, and long- term care insurance effective on an employee’s date of hire..."
https://kr.indeed.com/viewjob?jk=bbe06a4c1be26dc9,Head of Sales-Mid-Market,TikTok 서울,,functional teams to improve the efficiency and build long term growth. Qualifications 1. BA/BS degree or above. 2. 10+ years...
https://kr.indeed.com/viewjob?jk=2b909f72a18cbdf1,"Account Manager, Korea",Mintel 서울,,accounts and executing the service plan in mid to long term view Negotiating contracts and closing agreements to maximize...
https://kr.indeed.com/viewjob?jk=13930c7d3145e817,"3 Months Bank Contractor, Global Investm...",Bank of America 3.8 서울,,"Our Business Global Investment Banking focuses on building long- term relationships with more than 3,000 large corporations..."
https://kr.indeed.com/viewjob?jk=0280ffaeb851e1a7,Customer Success Specialist (CSS) - Coll...,Cisco Systems 4.1 서울,,"tactical and strategic deployment decisions and track long term business outcomes Collaborate with Account teams, Customer..."
https://kr.indeed.com/viewjob?jk=e0fde70909c9d3ee,"Head of HR, Korea - Amazon Web Services,...",Amazon Web Services Korea LLC 서울,,execution of AWS HR short- term and long- term plans based on Global and Regional HR... plan... long term. ESSENTIAL DUTIES...
https://kr.indeed.com/viewjob?jk=2d1923bd1305c3f6,"Accelerated Growth Consultant, Google Cu...",Google 4.3 서울,,sustainable and long term strategies... using product knowledge to drive long- term success for our customers. Convert new...
https://kr.indeed.com/viewjob?jk=07e4997cdc03b7bc,"CSG Regional Lead, Korea",Salesforce 서울,,all of which are critical... company’s short and long- term success. Your Impact (Responsibilities) Drive harmony within...
https://kr.indeed.com/viewjob?jk=11eaa9b830aee0f5,"Senior Manager, Public Policy - Korea",Twitter 서울,,Extraordinary skills working with multiple teams on long term and ad-hoc projects High fluency in social media and high...
https://kr.indeed.com/viewjob?jk=8a7288f15c4b8cd9,Business Development Manager,HILTI 대한민국,,"leadership... authority, negotiation skills. •Long- Term Strategic Thinking: Capable of explaining and transmitting..."
https://kr.indeed.com/viewjob?jk=1402ab0c6fab64b1,Director Support Service,Brooks Automation 서울,,urgency to achieve short- term goals with longer term strategies. Participates... short and long term goals and objectives...
https://kr.indeed.com/viewjob?jk=0643993176447db8,Marketing Specialist,Stryker 서울,,sales team and other counterparts to achieve short/long- term sustainable growth Executes marketing activies Critical success...
https://kr.indeed.com/viewjob?jk=d11001987c295ec1,"Part Time Victim Advocate, ADAVA",Magellan Health 대한민국,,offending caregivers about the dynamics and possible long- term consequences of child abuse Assess family needs and encourage...
https://kr.indeed.com/viewjob?jk=86dec08aadff1233,Team Leader Recruitment,텐센트 코리아 서울 강남구,,overall insights... Korean market Carry out long- term strategic tasks Qualifications: Total 5~8 years of working...
https://kr.indeed.com/viewjob?jk=35b56136af43b0fd,"Account Strategist, Mid-Market Sales (En...",Google 4.3 서울,,"critical growth engine for clients in GCS. Through long- term relationship development, we are dedicated to understanding..."
https://kr.indeed.com/viewjob?jk=cab47ae826e4e85f,Marketing Manager,CooperVision 대한민국,,priorities in both short- and long- term plans. Expand the opportunities... team to develop long term and sustainable...
https://kr.indeed.com/viewjob?jk=5743ac9994f521bb,Facility Operations Specialist,US Department of the Army 4.3 대한민국,,Land & base management Certain current or former term or temporary federal employees of a land or base management agency...
https://kr.indeed.com/viewjob?jk=1ba3c519079770df,KR_HP_RA specialist (Temp),Boehringer Ingelheim 4.1 대한민국,,"animals... family owned company, we focus on long- term performance. We believe... we have talented and ambitious..."
https://kr.indeed.com/viewjob?jk=6f6903014017b5c9,Intern - Public Information,United Nations ESCAP 인천,,"short, medium and long term as well... commission of any... acts. The term “sexual exploitation” means any actual..."
https://kr.indeed.com/viewjob?jk=23f0b4bfc862f18a,Clinical Research Manager,MSD 서울,,local and regional strategy development consistent with long- term corporate needs in conjunction with Regional Operations.한국의...
https://kr.indeed.com/viewjob?jk=9663b0167219903f,Store Worker,US Department of Defense 4.2 대한민국,,disabilities Land & base management Certain current or former term or temporary federal employees of a land or base...
https://kr.indeed.com/viewjob?jk=101d699126fc0238,"Victim Advocate, FASS",Magellan Health 대한민국,,offending caregivers about the dynamics and possible long- term consequences of child abuse Assess family needs and encourage...
https://kr.indeed.com/viewjob?jk=fb15fdac8a36bf2b,iHealth APAC Sales Head (Flexible APAC W...,DSM 서울,,plan. Develop sustainable long- term partnerships with key customers Develop and long term strategic plan (P&L). Responsible...
https://kr.indeed.com/viewjob?jk=c69ca3117feef088,MFLC Adult Counseling – Tiered Counselor...,"Strategic Resources, Inc. 대한민국",,greatest assets... single greatest factor in our long- term growth and success... our employees. When you join SRI...
https://kr.indeed.com/viewjob?jk=506c3ca7e9e08182,MITG Sales Rep I (1 yr Contract),메드트로닉코리아 서울 강남구,,"building, and strengthening long- term relationships with stakeholders including... Temporary Work / Fixed Term Job Level..."
https://kr.indeed.com/viewjob?jk=03fb900c89cc6112,ERP software and Marketing collaterals l...,Workday 서울,,"team member of our translators pool * Paid by hour, long- term work in a team < Requirements > * Possess at least 8 to 10..."
https://kr.indeed.com/viewjob?jk=ba04a590aa2f9421,Online English Tutor,Engoo 경기도 수원 • 원격 근무,"시급 11,875원","around the world, and we offer both short and long- term educational programs. We will also partner with any business..."
https://kr.indeed.com/viewjob?jk=f7bd692c4de5a649,"Virtual Sales Specialist, Collaboration...",Cisco Systems 4.1 서울,,"Develop a predictable pipeline of short, mid, and long- term business for our corporate customers and close deals while..."
https://kr.indeed.com/viewjob?jk=ed9230593c7fc6a0,Content Marketing Intern(Slide/Germany),하이퍼커넥트 서울,,production tools Position Type/ Expected Hours of Work Fixed- term internship (3 months) Monday – Friday (10:00 – 19:00...
https://kr.indeed.com/viewjob?jk=a39a0db2e06d27f6,Technical Director,ASM 대한민국,,strategic and policy development aspects... have medium term consequences... operation... function and perhaps...
https://kr.indeed.com/viewjob?jk=5eb0606b620d862a,"Supply Chain Manager, Korea",Tesla 서울,,negotiate on multiple variables to award longer- term strategic contracts that result in significant cost reduction...
https://kr.indeed.com/viewjob?jk=491fc316c1e369d1,"Partnerships Manager - Mid-Market, Korea",TikTok 서울,,functional teams to improve the efficiency and build long term growth. Qualifications 1. BA/BS degree or above. 2. 2-10 years...
https://kr.indeed.com/viewjob?jk=fd645c1061d4aa76,"Director, Content Financial Planning & A...",Netflix 서울,,capital requirements. Support near- term and long- term P&L and Cash forecasts across... plan for long- term programming health...
https://kr.indeed.com/viewjob?jk=1a7b9863e4fe1c2e,Compensation & Benefit Administrator,JTI - Japan Tobacco International 서울,,"Finance Control - Handling queries on subsidies - Group term life insurance management (Register, Withdrawal, Personal data..."
https://kr.indeed.com/viewjob?jk=d756353342777961,ROK - Market Access and Digital Trade Po...,Foreign & Commonwealth Office 서울,,"year 28 December 2020 Grade B3 (L) Type of Position Fixed Term, Full-time Working hours per week 36 hours per week Duration..."
https://kr.indeed.com/viewjob?jk=a9914c8a7047b363,Adhesive_Technical Customer Service Inte...,Henkel 대한민국 +1 지역,,"천안 근무 가능자 JOB ID: 20009624 Contract & Job type: Full Time, Limited Term Contact information for application-related questions..."
https://kr.indeed.com/viewjob?jk=423369e355d71939,Global Marketing Manager,Materion 서울,,products and new/existing customers. • Participates in long- term strategy development and executes a yearly business plan...
https://kr.indeed.com/viewjob?jk=02ddebfacdcfe00d,Project Coordinator,"Systek, Inc. 대한민국",,"package, including health, dental, life, disability, and long- term care insurance effective on an employee’s date of hire..."
https://kr.indeed.com/viewjob?jk=abc60bc658c5c48b,Korea Government Engagement Director,General Electric 4.0 서울,,employee restrictions. Involved in long term efforts including policy shaping... Involved in long term efforts including...
https://kr.indeed.com/viewjob?jk=c6d8954db936c93a,Intern (February,Macquarie Group Limited 서울,,"principal investment. Job no: INT-955156 Work type: Fixed term Location: Seoul Category: Junior, Asset Management, Graduate..."
https://kr.indeed.com/viewjob?jk=b350146f789be998,Customer Service Rep,Sensata Technologies 경기도,,analyze short- term forecast and order... account feedback... relates to short term line loading. - Bachelor’s degree...
https://kr.indeed.com/viewjob?jk=56a9a9b9ea7816b4,Selling Partner Support Associate,Amazon Services Korea LLC 서울,,Position Description: Global Seller Support Associate (Fixed- term... Seller Support Associate acts... primary...
https://kr.indeed.com/viewjob?jk=efab6d4feed3e772,Marketing Specialist (수시모집 인재풀 등록),3M 4.0 서울,,analytical skills to analyze trends or marketing data. Uses short- term planning skills when forecasting or providing guidance...
https://kr.indeed.com/viewjob?jk=a5e4337bd2128bba,Help Desk Technician,Vision IT 대한민국 +1 지역,,"We work side-by-side with our clients as a trusted, long- term partner offering innovative consultation and leadership..."
https://kr.indeed.com/viewjob?jk=958b4b42571e286b,SPPS seeking F-visa Teachers (English/Ma...,Saint Paul Preparatory Seoul 서울,,Benefit Salary: Negotiable (Depending on Experience) Long- term employment Bonus Housing (if applicable) Korean National...
https://kr.indeed.com/viewjob?jk=34f896f776c93cb1,[틱톡] 하반기 각 부문별,바이트댄스 서울 중구,,"consultative, long- term approach to build... improve the efficiency and build long term growth. 1. BA/BS degree or above. 2. 4..."
https://kr.indeed.com/viewjob?jk=dee1c9e840dc5691,Dolby Client Technical Manager,Dolby 서울,,"needs, scoping out, evaluating and planning the mid- term and long- term new opportunities; Mainly supporting new Business..."
https://kr.indeed.com/viewjob?jk=15f3cc4bbe1fe447,Korean Customer Service Representative (...,TalentWorldGroup Plc. 서울 • 원격 근무,,Freelance contract * project based opportunities * Long term cooperation agreement * Career development * Gamification...
https://kr.indeed.com/viewjob?jk=fd65333dc9da7e6c,"Partnerships Manager - Agency, Korea",TikTok 서울,,functional teams to improve the efficiency and build long term growth. Qualifications 1. BA/BS degree or above. 2. 4-10 years...
https://kr.indeed.com/viewjob?jk=e1cda84ceb56b701,Commercial Sourcing Director,ASM 대한민국,,responsible for identifying and driving actions for long term reductions leveraging effective sourcing. Responsibilities...
https://kr.indeed.com/viewjob?jk=eb7c2ad108586b4d,Plant Controller,OWENS CORNING 충청남도,,"Customer Focus Work Standards / Quality Contributing to Team Success MS office, English, Finance and Accounting term"
https://kr.indeed.com/viewjob?jk=fec638bee7cd06fe,"KR_HP_Medicine_Medical Science Liaison,...",Boehringer Ingelheim 4.1 대한민국,,"humans and animals... family owned company, we focus on long term performance. We are powered by 50,000 employees globally..."
https://kr.indeed.com/viewjob?jk=d75f829f737c6470,Logistics Specialist,W. L. Gore & Associates 3.8 서울,,"help control emissions, optimize processes, and deliver long- term value across manufacturing types. Learn more at gore.com..."
https://kr.indeed.com/viewjob?jk=34b49635de5d123e,Network Engineer - P2E,"Systek, Inc. 대한민국",,"package, including health, dental, life, disability, and long- term care insurance effective on an employee’s date of hire..."
https://kr.indeed.com/viewjob?jk=91c7e91068366984,Process Engineer,Air Liquide 서울,,consistent performances and responsibility over the long term. Entity and activity description Air Liquide Solutions Korea...
https://kr.indeed.com/viewjob?jk=2456cfd18867f542,외교부 장관 Financial Times紙 인터뷰,외교부 서울 종로구,,kind of mid- and long- term approach... dilemma we are facing... pursue the mid- and long- term policies you need...
https://kr.indeed.com/viewjob?jk=5eca0ea9fc4eac1a,"Head of Apps, Online Partnerships (Engli...",Google 4.3 서울,,trying to exceed... expectations and strengthen our long- term partner relationships. Our team helps grow Google's business...
https://kr.indeed.com/viewjob?jk=9046f86eafd667b9,Senior HR Supervisor,OWENS CORNING 대한민국,,"promotions and external recruitment to satisfy near- term performance, longer- term succession needs... insure plant has..."
https://kr.indeed.com/viewjob?jk=1d4467b4008a3076,tbs eFM Radio(101.3㎒) Part-time Job Open...,서울특별시 5.0 대한민국,,Openings Contract Term (Hours) Hiring... eFM radio broadcast programs... term of contract may be subject to renewal up...
https://kr.indeed.com/viewjob?jk=86bc364821447426,Account Manager (m/f/d),Elektrobit Automotive 대한민국,,positive long- term business relationships... each opportunity and strategically long- term You will lead the quotation process...
https://kr.indeed.com/viewjob?jk=cf39efac080c251c,Continuous Improvement Engineer,Amzn Corporate Services Korea 서울,,able to step back and look... bigger picture and long term vision for optimizing the business for Amazon Customers...
https://kr.indeed.com/viewjob?jk=405ad88b7e50b6de,[베네통코리아/Benetton Korea] 무역 계약직,베네통코리아 서울 서초구,,"인증 여부 확인 - 해외물품대금 및 3PL 물류비용 결제 관리 1) 수입 물품 대금 결제: payment term 별 결제 날짜에 맞추어 지출결의서 작성 후 재경팀에 전달 2) 송금, LC, DA, DP방식에 따른 대금결제..."
https://kr.indeed.com/viewjob?jk=862d1ed3162026e5,Education Programme Manager,British Council (East Asia) 서울,,"partners to make a bigger difference... longer term, creating benefit for millions of people all over the world. We help..."
https://kr.indeed.com/viewjob?jk=bf6a63af590f02f4,Sales Associate,Versace 대한민국,,"maintain a long term relationship... skills and ability to maintain long- term with clients and community, understand..."
https://kr.indeed.com/viewjob?jk=548037d4c896c531,외국계기업 Brand Manager,허브커리어 서울 강남구,,"< 담당업무 > -Develop brand strategy and brand plan in long term and short term including volume, profit and share projection etc..."
https://kr.indeed.com/viewjob?jk=484c2fb8541a6199,VP Sales – Korea,Efficient Power Conversion 서울,,develop long- term relationships... role Excellent balance of long term and short- term focus Proficiency in Microsoft...
https://kr.indeed.com/viewjob?jk=6d334bc2071aac89,Korea BD Manager Talent Rotation Program...,Alibaba 서울,,"particularly via resource exchange and long term agreements 3. Acquirers Management... RFI, RFQ, RFP, Term Sheet, MoU, preparing..."
https://kr.indeed.com/viewjob?jk=79f6f76def79d9ed,Intern,Macquarie Group Limited 서울,,"principal investment. Job no: INT-955383 Work type: Fixed term Location: Seoul Category: Junior, Asset Management, Graduate..."
https://kr.indeed.com/viewjob?jk=228ea9c11c623006,Manager Business Development,McDermott 서울,,"identifying and obtaining new business, establishing long- term customer relationships, and promotion of CB&I Storage..."
https://kr.indeed.com/viewjob?jk=655382a4c7e96ebb,Store Supervisor,Versace 대한민국,,"maintain a long term relationship... skills and ability to maintain long- term with clients and community, understand..."
https://kr.indeed.com/viewjob?jk=a825d432af879511,Consultant - Capital Productivity,McKinsey & Company 4.3 서울,,continuous improvement effort or developing short and long- term capability-building plans for all relevant levels of client...
https://kr.indeed.com/viewjob?jk=1306e3eb6f7d1ced,"Editorial & Publishing Manager, Editoria...",Netflix 서울,,"external agencies, and providers. Advance the long- term strategy to move our relevance and credibility... audience..."
